-- phpMyAdmin SQL Dump
-- version 4.1.12
-- http://www.phpmyadmin.net
--
-- Host: localhost
-- Generation Time: Sep 12, 2017 at 01:15 
-- Server version: 5.6.16
-- PHP Version: 5.5.11

SET SQL_MODE = "NO_AUTO_VALUE_ON_ZERO";
SET time_zone = "+00:00";


/*!40101 SET @OLD_CHARACTER_SET_CLIENT=@@CHARACTER_SET_CLIENT */;
/*!40101 SET @OLD_CHARACTER_SET_RESULTS=@@CHARACTER_SET_RESULTS */;
/*!40101 SET @OLD_COLLATION_CONNECTION=@@COLLATION_CONNECTION */;
/*!40101 SET NAMES utf8 */;

--
-- Database: `jamqu`
--

-- --------------------------------------------------------

--
-- Table structure for table `banner`
--

CREATE TABLE IF NOT EXISTS `banner` (
  `banner_id` int(10) NOT NULL AUTO_INCREMENT,
  `banner` varchar(100) NOT NULL,
  `gambar` varchar(150) NOT NULL,
  `link` varchar(500) NOT NULL,
  `status` enum('on','off') NOT NULL,
  PRIMARY KEY (`banner_id`)
) ENGINE=InnoDB  DEFAULT CHARSET=latin1 AUTO_INCREMENT=3 ;

--
-- Dumping data for table `banner`
--

INSERT INTO `banner` (`banner_id`, `banner`, `gambar`, `link`, `status`) VALUES
(1, 'Apple Iphone 6', 'banner1.png', 'index.php?page=detail&barang_id=5', 'on'),
(2, 'Samsung A3 A300H', 'banner2.png', 'index.php?page=detail&barang_id=6', 'on');

-- --------------------------------------------------------

--
-- Table structure for table `barang`
--

CREATE TABLE IF NOT EXISTS `barang` (
  `barang_id` int(10) NOT NULL AUTO_INCREMENT,
  `kategori_id` int(10) NOT NULL,
  `nama_barang` varchar(250) NOT NULL,
  `spesifikasi` text NOT NULL,
  `gambar` varchar(300) NOT NULL,
  `harga` int(10) NOT NULL,
  `stok` tinyint(1) NOT NULL,
  `status` enum('on','off') NOT NULL,
  PRIMARY KEY (`barang_id`),
  KEY `kategori_id` (`kategori_id`)
) ENGINE=InnoDB  DEFAULT CHARSET=latin1 AUTO_INCREMENT=17 ;

--
-- Dumping data for table `barang`
--

INSERT INTO `barang` (`barang_id`, `kategori_id`, `nama_barang`, `spesifikasi`, `gambar`, `harga`, `stok`, `status`) VALUES
(8, 5, 'QuickSilver Pria tali coklat muda', '<p>Lorem ipsum dolor sit amet, consectetur adipiscing elit. Nam venenatis aliquam sagittis. Aliquam tristique neque elit, at ullamcorper ante sollicitudin quis. Fusce dictum sollicitudin aliquam. Aenean ut mi pretium, porta leo eget, consectetur nulla. Cras ut turpis ullamcorper, pharetra mi interdum, varius velit. Donec sagittis urna et dolor fringilla, fringilla hendrerit sapien vulputate. Nulla vel commodo leo. Ut sit amet eleifend nisl, vitae dictum tortor. Praesent ac vestibulum erat. Sed nec ligula vitae dui ornare vulputate. Vestibulum ante sem, elementum nec vestibulum in, pretium vitae arcu. Aenean ultricies commodo bibendum. Proin tempus, erat eget euismod luctus, lorem sapien laoreet ipsum, ut scelerisque ante mi non erat. Integer efficitur semper massa.&lt;/p&gt;</p><p>&lt;p&gt;Class aptent taciti sociosqu ad litora torquent per conubia nostra, per inceptos himenaeos. Fusce eget feugiat felis. Donec aliquam odio arcu, ac sollicitudin nisi volutpat vitae. Nulla facilisi. Nam ex leo, molestie nec augue id, rutrum cursus enim. Nullam tempus iaculis velit. Praesent feugiat velit faucibus magna tristique sollicitudin. Mauris eu lectus velit. Phasellus sagittis diam velit, a hendrerit risus euismod at. Nullam at dignissim massa, vitae facilisis eros. Lorem ipsum dolor sit amet, consectetur adipiscing elit. In gravida sagittis hendrerit. Cras id arcu ornare sem feugiat malesuada quis auctor orci. Curabitur euismod finibus sagittis.</p>', '082bacd6140c3c89dbf39f33739b99d9_tn.jpg', 200000, 9, 'on'),
(9, 5, 'QuickSilver Pria tali Hitam', '<p>Lorem ipsum dolor sit amet, consectetur adipiscing elit. Nam venenatis aliquam sagittis. Aliquam tristique neque elit, at ullamcorper ante sollicitudin quis. Fusce dictum sollicitudin aliquam. Aenean ut mi pretium, porta leo eget, consectetur nulla. Cras ut turpis ullamcorper, pharetra mi interdum, varius velit. Donec sagittis urna et dolor fringilla, fringilla hendrerit sapien vulputate. Nulla vel commodo leo. Ut sit amet eleifend nisl, vitae dictum tortor. Praesent ac vestibulum erat. Sed nec ligula vitae dui ornare vulputate. Vestibulum ante sem, elementum nec vestibulum in, pretium vitae arcu. Aenean ultricies commodo bibendum. Proin tempus, erat eget euismod luctus, lorem sapien laoreet ipsum, ut scelerisque ante mi non erat. Integer efficitur semper massa.&lt;/p&gt;</p><p>&lt;p&gt;Class aptent taciti sociosqu ad litora torquent per conubia nostra, per inceptos himenaeos. Fusce eget feugiat felis. Donec aliquam odio arcu, ac sollicitudin nisi volutpat vitae. Nulla facilisi. Nam ex leo, molestie nec augue id, rutrum cursus enim. Nullam tempus iaculis velit. Praesent feugiat velit faucibus magna tristique sollicitudin. Mauris eu lectus velit. Phasellus sagittis diam velit, a hendrerit risus euismod at. Nullam at dignissim massa, vitae facilisis eros. Lorem ipsum dolor sit amet, consectetur adipiscing elit. In gravida sagittis hendrerit. Cras id arcu ornare sem feugiat malesuada quis auctor orci. Curabitur euismod finibus sagittis.</p>', '0412f050c6dc995220401b5c139af464_tn.jpg', 200000, 15, 'on'),
(10, 6, 'Rolex Couple Murah', '<p>Lorem ipsum dolor sit amet, consectetur adipiscing elit. Nam venenatis aliquam sagittis. Aliquam tristique neque elit, at ullamcorper ante sollicitudin quis. Fusce dictum sollicitudin aliquam. Aenean ut mi pretium, porta leo eget, consectetur nulla. Cras ut turpis ullamcorper, pharetra mi interdum, varius velit. Donec sagittis urna et dolor fringilla, fringilla hendrerit sapien vulputate. Nulla vel commodo leo. Ut sit amet eleifend nisl, vitae dictum tortor. Praesent ac vestibulum erat. Sed nec ligula vitae dui ornare vulputate. Vestibulum ante sem, elementum nec vestibulum in, pretium vitae arcu. Aenean ultricies commodo bibendum. Proin tempus, erat eget euismod luctus, lorem sapien laoreet ipsum, ut scelerisque ante mi non erat. Integer efficitur semper massa.</p><p>&nbsp;</p><p>&nbsp;</p><p>Class aptent taciti sociosqu ad litora torquent per conubia nostra, per inceptos himenaeos. Fusce eget feugiat felis. Donec aliquam odio arcu, ac sollicitudin nisi volutpat vitae. Nulla facilisi. Nam ex leo, molestie nec augue id, rutrum cursus enim. Nullam tempus iaculis velit. Praesent feugiat velit faucibus magna tristique sollicitudin. Mauris eu lectus velit. Phasellus sagittis diam velit, a hendrerit risus euismod at. Nullam at dignissim massa, vitae facilisis eros. Lorem ipsum dolor sit amet, consectetur adipiscing elit. In gravida sagittis hendrerit. Cras id arcu ornare sem feugiat malesuada quis auctor orci. Curabitur euismod finibus sagittis.</p>', 'd320e47575aea75d5b7903d044deebac.jpg', 150000, 13, 'on'),
(11, 7, 'Jam Tangan Aigner Bari Diamond Chrono', '<p>Lorem ipsum dolor sit amet, consectetur adipiscing elit. Nam venenatis aliquam sagittis. Aliquam tristique neque elit, at ullamcorper ante sollicitudin quis. Fusce dictum sollicitudin aliquam. Aenean ut mi pretium, porta leo eget, consectetur nulla. Cras ut turpis ullamcorper, pharetra mi interdum, varius velit. Donec sagittis urna et dolor fringilla, fringilla hendrerit sapien vulputate. Nulla vel commodo leo. Ut sit amet eleifend nisl, vitae dictum tortor. Praesent ac vestibulum erat. Sed nec ligula vitae dui ornare vulputate. Vestibulum ante sem, elementum nec vestibulum in, pretium vitae arcu. Aenean ultricies commodo bibendum. Proin tempus, erat eget euismod luctus, lorem sapien laoreet ipsum, ut scelerisque ante mi non erat. Integer efficitur semper massa.&lt;/p&gt;</p><p>&lt;p&gt;Class aptent taciti sociosqu ad litora torquent per conubia nostra, per inceptos himenaeos. Fusce eget feugiat felis. Donec aliquam odio arcu, ac sollicitudin nisi volutpat vitae. Nulla facilisi. Nam ex leo, molestie nec augue id, rutrum cursus enim. Nullam tempus iaculis velit. Praesent feugiat velit faucibus magna tristique sollicitudin. Mauris eu lectus velit. Phasellus sagittis diam velit, a hendrerit risus euismod at. Nullam at dignissim massa, vitae facilisis eros. Lorem ipsum dolor sit amet, consectetur adipiscing elit. In gravida sagittis hendrerit. Cras id arcu ornare sem feugiat malesuada quis auctor orci. Curabitur euismod finibus sagittis.</p>', 'Gold.jpg', 200000, 7, 'on'),
(12, 8, 'Box Mica', '<p>Lorem ipsum dolor sit amet, consectetur adipiscing elit. Nam venenatis aliquam sagittis. Aliquam tristique neque elit, at ullamcorper ante sollicitudin quis. Fusce dictum sollicitudin aliquam. Aenean ut mi pretium, porta leo eget, consectetur nulla. Cras ut turpis ullamcorper, pharetra mi interdum, varius velit. Donec sagittis urna et dolor fringilla, fringilla hendrerit sapien vulputate. Nulla vel commodo leo. Ut sit amet eleifend nisl, vitae dictum tortor. Praesent ac vestibulum erat. Sed nec ligula vitae dui ornare vulputate. Vestibulum ante sem, elementum nec vestibulum in, pretium vitae arcu. Aenean ultricies commodo bibendum. Proin tempus, erat eget euismod luctus, lorem sapien laoreet ipsum, ut scelerisque ante mi non erat. Integer efficitur semper massa.&lt;/p&gt;</p><p>&lt;p&gt;Class aptent taciti sociosqu ad litora torquent per conubia nostra, per inceptos himenaeos. Fusce eget feugiat felis. Donec aliquam odio arcu, ac sollicitudin nisi volutpat vitae. Nulla facilisi. Nam ex leo, molestie nec augue id, rutrum cursus enim. Nullam tempus iaculis velit. Praesent feugiat velit faucibus magna tristique sollicitudin. Mauris eu lectus velit. Phasellus sagittis diam velit, a hendrerit risus euismod at. Nullam at dignissim massa, vitae facilisis eros. Lorem ipsum dolor sit amet, consectetur adipiscing elit. In gravida sagittis hendrerit. Cras id arcu ornare sem feugiat malesuada quis auctor orci. Curabitur euismod finibus sagittis.</p>', '0e084cee11475e632071c03c37639cc9.jpg', 6000, 49, 'on'),
(13, 8, 'Baterai Original', '<p>Lorem ipsum dolor sit amet, consectetur adipiscing elit. Nam venenatis aliquam sagittis. Aliquam tristique neque elit, at ullamcorper ante sollicitudin quis. Fusce dictum sollicitudin aliquam. Aenean ut mi pretium, porta leo eget, consectetur nulla. Cras ut turpis ullamcorper, pharetra mi interdum, varius velit. Donec sagittis urna et dolor fringilla, fringilla hendrerit sapien vulputate. Nulla vel commodo leo. Ut sit amet eleifend nisl, vitae dictum tortor. Praesent ac vestibulum erat. Sed nec ligula vitae dui ornare vulputate. Vestibulum ante sem, elementum nec vestibulum in, pretium vitae arcu. Aenean ultricies commodo bibendum. Proin tempus, erat eget euismod luctus, lorem sapien laoreet ipsum, ut scelerisque ante mi non erat. Integer efficitur semper massa.&lt;/p&gt;</p><p>&lt;p&gt;Class aptent taciti sociosqu ad litora torquent per conubia nostra, per inceptos himenaeos. Fusce eget feugiat felis. Donec aliquam odio arcu, ac sollicitudin nisi volutpat vitae. Nulla facilisi. Nam ex leo, molestie nec augue id, rutrum cursus enim. Nullam tempus iaculis velit. Praesent feugiat velit faucibus magna tristique sollicitudin. Mauris eu lectus velit. Phasellus sagittis diam velit, a hendrerit risus euismod at. Nullam at dignissim massa, vitae facilisis eros. Lorem ipsum dolor sit amet, consectetur adipiscing elit. In gravida sagittis hendrerit. Cras id arcu ornare sem feugiat malesuada quis auctor orci. Curabitur euismod finibus sagittis.</p>', 'bb8064285a2be8eb14faefa9ad14d41b.jpg', 8000, 100, 'on'),
(14, 7, 'JAM TANGAN GENEVA CHRONO VARIASI LEATHER', '<p>Lorem ipsum dolor sit amet, consectetur adipiscing elit. Nam venenatis aliquam sagittis. Aliquam tristique neque elit, at ullamcorper ante sollicitudin quis. Fusce dictum sollicitudin aliquam. Aenean ut mi pretium, porta leo eget, consectetur nulla. Cras ut turpis ullamcorper, pharetra mi interdum, varius velit. Donec sagittis urna et dolor fringilla, fringilla hendrerit sapien vulputate. Nulla vel commodo leo. Ut sit amet eleifend nisl, vitae dictum tortor. Praesent ac vestibulum erat. Sed nec ligula vitae dui ornare vulputate. Vestibulum ante sem, elementum nec vestibulum in, pretium vitae arcu. Aenean ultricies commodo bibendum. Proin tempus, erat eget euismod luctus, lorem sapien laoreet ipsum, ut scelerisque ante mi non erat. Integer efficitur semper massa.</p><p>&nbsp;</p><p>&nbsp;</p><p>Class aptent taciti sociosqu ad litora torquent per conubia nostra, per inceptos himenaeos. Fusce eget feugiat felis. Donec aliquam odio arcu, ac sollicitudin nisi volutpat vitae. Nulla facilisi. Nam ex leo, molestie nec augue id, rutrum cursus enim. Nullam tempus iaculis velit. Praesent feugiat velit faucibus magna tristique sollicitudin. Mauris eu lectus velit. Phasellus sagittis diam velit, a hendrerit risus euismod at. Nullam at dignissim massa, vitae facilisis eros. Lorem ipsum dolor sit amet, consectetur adipiscing elit. In gravida sagittis hendrerit. Cras id arcu ornare sem feugiat malesuada quis auctor orci. Curabitur euismod finibus sagittis.</p>', '18793b3d12f56bc6618845a222167b5c.jpg', 150000, 12, 'on'),
(15, 7, 'Jam Tangan GC Guess Collection Pink', '<p>Lorem ipsum dolor sit amet, consectetur adipiscing elit. Nam venenatis aliquam sagittis. Aliquam tristique neque elit, at ullamcorper ante sollicitudin quis. Fusce dictum sollicitudin aliquam. Aenean ut mi pretium, porta leo eget, consectetur nulla. Cras ut turpis ullamcorper, pharetra mi interdum, varius velit. Donec sagittis urna et dolor fringilla, fringilla hendrerit sapien vulputate. Nulla vel commodo leo. Ut sit amet eleifend nisl, vitae dictum tortor. Praesent ac vestibulum erat. Sed nec ligula vitae dui ornare vulputate. Vestibulum ante sem, elementum nec vestibulum in, pretium vitae arcu. Aenean ultricies commodo bibendum. Proin tempus, erat eget euismod luctus, lorem sapien laoreet ipsum, ut scelerisque ante mi non erat. Integer efficitur semper massa.&lt;/p&gt;</p><p>&lt;p&gt;Class aptent taciti sociosqu ad litora torquent per conubia nostra, per inceptos himenaeos. Fusce eget feugiat felis. Donec aliquam odio arcu, ac sollicitudin nisi volutpat vitae. Nulla facilisi. Nam ex leo, molestie nec augue id, rutrum cursus enim. Nullam tempus iaculis velit. Praesent feugiat velit faucibus magna tristique sollicitudin. Mauris eu lectus velit. Phasellus sagittis diam velit, a hendrerit risus euismod at. Nullam at dignissim massa, vitae facilisis eros. Lorem ipsum dolor sit amet, consectetur adipiscing elit. In gravida sagittis hendrerit. Cras id arcu ornare sem feugiat malesuada quis auctor orci. Curabitur euismod finibus sagittis.</p>', '00ae6c0e1db0acbc2b36ea7fe6ade238.jpg', 150000, 9, 'on'),
(16, 6, 'QuickSilver Couple', '<p>Lorem ipsum dolor sit amet, consectetur adipiscing elit. Nam venenatis aliquam sagittis. Aliquam tristique neque elit, at ullamcorper ante sollicitudin quis. Fusce dictum sollicitudin aliquam. Aenean ut mi pretium, porta leo eget, consectetur nulla. Cras ut turpis ullamcorper, pharetra mi interdum, varius velit. Donec sagittis urna et dolor fringilla, fringilla hendrerit sapien vulputate. Nulla vel commodo leo. Ut sit amet eleifend nisl, vitae dictum tortor. Praesent ac vestibulum erat. Sed nec ligula vitae dui ornare vulputate. Vestibulum ante sem, elementum nec vestibulum in, pretium vitae arcu. Aenean ultricies commodo bibendum. Proin tempus, erat eget euismod luctus, lorem sapien laoreet ipsum, ut scelerisque ante mi non erat. Integer efficitur semper massa.&lt;/p&gt;</p><p>&lt;p&gt;Class aptent taciti sociosqu ad litora torquent per conubia nostra, per inceptos himenaeos. Fusce eget feugiat felis. Donec aliquam odio arcu, ac sollicitudin nisi volutpat vitae. Nulla facilisi. Nam ex leo, molestie nec augue id, rutrum cursus enim. Nullam tempus iaculis velit. Praesent feugiat velit faucibus magna tristique sollicitudin. Mauris eu lectus velit. Phasellus sagittis diam velit, a hendrerit risus euismod at. Nullam at dignissim massa, vitae facilisis eros. Lorem ipsum dolor sit amet, consectetur adipiscing elit. In gravida sagittis hendrerit. Cras id arcu ornare sem feugiat malesuada quis auctor orci. Curabitur euismod finibus sagittis.</p>', 'a6672b3b771cbbd6edd948e5bdb175d7.jpg', 200000, 18, 'on');

-- --------------------------------------------------------

--
-- Table structure for table `kategori`
--

CREATE TABLE IF NOT EXISTS `kategori` (
  `kategori_id` int(10) NOT NULL AUTO_INCREMENT,
  `kategori` varchar(150) NOT NULL,
  `status` enum('on','off') NOT NULL,
  PRIMARY KEY (`kategori_id`)
) ENGINE=InnoDB  DEFAULT CHARSET=latin1 AUTO_INCREMENT=9 ;

--
-- Dumping data for table `kategori`
--

INSERT INTO `kategori` (`kategori_id`, `kategori`, `status`) VALUES
(5, 'Jam Tangan Pria', 'on'),
(6, 'Jam Tangan Couple', 'on'),
(7, 'Jam Tangan Wanita', 'on'),
(8, 'Accesories', 'on');

-- --------------------------------------------------------

--
-- Table structure for table `konfirmasi_pembayaran`
--

CREATE TABLE IF NOT EXISTS `konfirmasi_pembayaran` (
  `konfirmasi_id` int(10) NOT NULL AUTO_INCREMENT,
  `pesanan_id` int(10) NOT NULL,
  `nomor_rekening` varchar(20) NOT NULL,
  `nama_account` varchar(150) NOT NULL,
  `tanggal_transfer` date NOT NULL,
  PRIMARY KEY (`konfirmasi_id`),
  KEY `pesanan_id` (`pesanan_id`)
) ENGINE=InnoDB  DEFAULT CHARSET=latin1 AUTO_INCREMENT=5 ;

--
-- Dumping data for table `konfirmasi_pembayaran`
--

INSERT INTO `konfirmasi_pembayaran` (`konfirmasi_id`, `pesanan_id`, `nomor_rekening`, `nama_account`, `tanggal_transfer`) VALUES
(1, 1, '2343543', 'aadi', '2017-06-05'),
(2, 3, '4364357834534', 'Sapu', '2017-06-05'),
(3, 2, '2342423', 'dfsdfsdfsdsdf', '2017-06-05'),
(4, 1, 'sdadasdsa', '24234234', '2017-06-05');

-- --------------------------------------------------------

--
-- Table structure for table `kota`
--

CREATE TABLE IF NOT EXISTS `kota` (
  `kota_id` int(10) NOT NULL AUTO_INCREMENT,
  `kota` varchar(150) NOT NULL,
  `tarif` int(10) NOT NULL,
  `status` enum('on','off') NOT NULL,
  PRIMARY KEY (`kota_id`)
) ENGINE=InnoDB  DEFAULT CHARSET=latin1 AUTO_INCREMENT=5 ;

--
-- Dumping data for table `kota`
--

INSERT INTO `kota` (`kota_id`, `kota`, `tarif`, `status`) VALUES
(1, 'Jakarta', 6000, 'on'),
(2, 'Bandung', 8000, 'on'),
(3, 'Surabaya', 11000, 'on'),
(4, 'Semarang', 9000, 'on');

-- --------------------------------------------------------

--
-- Table structure for table `pesanan`
--

CREATE TABLE IF NOT EXISTS `pesanan` (
  `pesanan_id` int(10) NOT NULL AUTO_INCREMENT,
  `kota_id` int(10) NOT NULL,
  `user_id` int(10) NOT NULL,
  `nama_penerima` varchar(150) NOT NULL,
  `nomor_telepon` varchar(15) NOT NULL,
  `alamat` varchar(300) NOT NULL,
  `tanggal_pemesanan` datetime NOT NULL,
  `status` tinyint(4) NOT NULL,
  PRIMARY KEY (`pesanan_id`),
  KEY `kota_id` (`kota_id`),
  KEY `user_id` (`user_id`)
) ENGINE=InnoDB  DEFAULT CHARSET=latin1 AUTO_INCREMENT=5 ;

--
-- Dumping data for table `pesanan`
--

INSERT INTO `pesanan` (`pesanan_id`, `kota_id`, `user_id`, `nama_penerima`, `nomor_telepon`, `alamat`, `tanggal_pemesanan`, `status`) VALUES
(1, 3, 7, 'ujang', '333333', 'jl.mmm', '2017-05-13 03:25:57', 3),
(2, 2, 8, 'agus', '083423232', 'jl.cccccc', '2017-05-14 12:39:06', 2),
(3, 1, 8, 'sdfsdfdsfsd', '235254543', 'fgfgfdgdf', '2017-05-14 12:42:23', 1),
(4, 1, 8, 'asep', '0928231', 'jl.vvvv', '2017-05-15 03:40:19', 0);

-- --------------------------------------------------------

--
-- Table structure for table `pesanan_detail`
--

CREATE TABLE IF NOT EXISTS `pesanan_detail` (
  `pesanan_id` int(10) NOT NULL,
  `barang_id` int(10) NOT NULL,
  `quantity` tinyint(2) NOT NULL,
  `harga` int(10) NOT NULL,
  KEY `pesanan_id` (`pesanan_id`),
  KEY `barang_id` (`barang_id`)
) ENGINE=InnoDB DEFAULT CHARSET=latin1;

--
-- Dumping data for table `pesanan_detail`
--

INSERT INTO `pesanan_detail` (`pesanan_id`, `barang_id`, `quantity`, `harga`) VALUES
(1, 16, 1, 200000),
(2, 12, 1, 6000),
(2, 15, 1, 150000),
(2, 8, 1, 200000),
(3, 12, 1, 6000),
(4, 11, 1, 200000),
(4, 9, 1, 200000);

-- --------------------------------------------------------

--
-- Table structure for table `user`
--

CREATE TABLE IF NOT EXISTS `user` (
  `user_id` int(10) NOT NULL AUTO_INCREMENT,
  `level` varchar(30) NOT NULL,
  `nama` varchar(150) NOT NULL,
  `email` varchar(160) NOT NULL,
  `alamat` varchar(400) NOT NULL,
  `phone` varchar(15) NOT NULL,
  `password` varchar(300) NOT NULL,
  `status` enum('on','off') NOT NULL,
  PRIMARY KEY (`user_id`)
) ENGINE=InnoDB  DEFAULT CHARSET=latin1 AUTO_INCREMENT=9 ;

--
-- Dumping data for table `user`
--

INSERT INTO `user` (`user_id`, `level`, `nama`, `email`, `alamat`, `phone`, `password`, `status`) VALUES
(7, 'superadmin', 'Admin', 'admin@jamqu.com', 'jl.xxxx', '222222222', '21232f297a57a5a743894a0e4a801fc3', 'on'),
(8, 'customer', 'skurty', 'customer@mail.com', 'jl.xxxx', '303982211', '91ec1f9324753048c0096d036a694f86', 'on');

--
-- Constraints for dumped tables
--

--
-- Constraints for table `barang`
--
ALTER TABLE `barang`
  ADD CONSTRAINT `barang_ibfk_1` FOREIGN KEY (`kategori_id`) REFERENCES `kategori` (`kategori_id`) ON DELETE CASCADE ON UPDATE CASCADE;

--
-- Constraints for table `konfirmasi_pembayaran`
--
ALTER TABLE `konfirmasi_pembayaran`
  ADD CONSTRAINT `konfirmasi_pembayaran_ibfk_1` FOREIGN KEY (`pesanan_id`) REFERENCES `pesanan` (`pesanan_id`) ON DELETE CASCADE ON UPDATE CASCADE;

--
-- Constraints for table `pesanan`
--
ALTER TABLE `pesanan`
  ADD CONSTRAINT `pesanan_ibfk_1` FOREIGN KEY (`kota_id`) REFERENCES `kota` (`kota_id`) ON DELETE CASCADE ON UPDATE CASCADE,
  ADD CONSTRAINT `pesanan_ibfk_2` FOREIGN KEY (`user_id`) REFERENCES `user` (`user_id`) ON DELETE CASCADE ON UPDATE CASCADE;

--
-- Constraints for table `pesanan_detail`
--
ALTER TABLE `pesanan_detail`
  ADD CONSTRAINT `pesanan_detail_ibfk_1` FOREIGN KEY (`pesanan_id`) REFERENCES `pesanan` (`pesanan_id`) ON DELETE CASCADE ON UPDATE CASCADE,
  ADD CONSTRAINT `pesanan_detail_ibfk_2` FOREIGN KEY (`barang_id`) REFERENCES `barang` (`barang_id`) ON DELETE CASCADE ON UPDATE CASCADE;

/*!40101 SET CHARACTER_SET_CLIENT=@OLD_CHARACTER_SET_CLIENT */;
/*!40101 SET CHARACTER_SET_RESULTS=@OLD_CHARACTER_SET_RESULTS */;
/*!40101 SET COLLATION_CONNECTION=@OLD_COLLATION_CONNECTION */;
